Old,New
1201210518.NS,CARYSIL.NS
4THDIM.NS,GVPTECH.NS
8KMILES.NS,SECURKLOUD.NS
A2ZMES.NS,A2ZINFRA.NS
AAL.NS,ARIHANTACA.NS
AARVEEDEN.NS,VGL.NS
ABANLLOYD.NS,ABAN.NS
ABANLOYD.NS,ABAN.NS
ABBALPO.NS,GVPIL.NS
ABSHEKINDS.NS,TRIDENT.NS
ABSIND.NS,STYRENIX.NS
ACKRUTI.NS,HUBTOWN.NS
ACRYSIL.NS,CARYSIL.NS
ACSAL.NS,ARVINDPORT.NS
ADANIEXPO.NS,ADANIENT.NS
ADANIGAS.NS,ATGL.NS
ADANITRANS.NS,ADANIENSOL.NS
ADHUNIKIND.NS,INCREDIBLE.NS
ADI.NS,PRIVISCL.NS
ADLABS.NS,IMAGICAA.NS
ADORWELD.NS,ADOR.NS
ADVANIORLI.NS,ADOR.NS
AEGISCHEM.NS,AEGISLOG.NS
AFL.NS,INSPIRISYS.NS
AGCNET.NS,BBOX.NS
AGRE.NS,FMNL.NS
AHL.NS,AFSL.NS
AIL.NS,GVPIL.NS
AKRUTI.NS,HUBTOWN.NS
AKZOINDIA.NS,JSWDULUX.NS
ALLSEC.NS,ALLDIGI.NS
ALMBICHEM.NS,ALEMBICLTD.NS
ALSTOMT&D.NS,GVT&D.NS
AMARAJABAT.NS,ARE&M.NS
AMBANIORG.NS,AMBANIORGO.NS
AMBEY.NS,DHANSA.NS
AMDMET.NS,AMDIND.NS
AMIORG.NS,ACUTAAS.NS
AMIRCHAND.NS,AEROPLANE.NS
AMJUMBO.NS,PARAMPARA.NS
AMTREXAPPL.NS,BOSCH-HCIL.NS
ANANDAMRUB.NS,BALAXI.NS
ANDPAPER.NS,ANDHRAPAP.NS
ANGELBRKG.NS,ANGELONE.NS
ANSALINFRA.NS,ANSALAPI.NS
ANSALPROP.NS,ANSALAPI.NS
APCOTEXLAT.NS,APCOTEXIND.NS
APIL.NS,GVPIL.NS
APOLLOSIND.NS,BIRLAMONEY.NS
APPAPER.NS,ANDHRAPAP.NS
AREVA.NS,GVT&D.NS
AREVAT&D.NS,GVT&D.NS
ARHAMFISCL.NS,ADROITINFO.NS
ARISINFRA.NS,ARIS.NS
ARROWCOAT.NS,ARROWGREEN.NS
ARROWGROUP.NS,DELTACORP.NS
ARVINDMILL.NS,ARVIND.NS
ARVINFRA.NS,ARVSMART.NS
ASHIKA.NS,ASHIKAG.NS
ASLIND.NS,AVATAR.NS
ASTRAIDL.NS,ASTRAZEN.NS
ATFL.NS,SUNDROP.NS
ATLANTA.NS,ATLANTAA.NS
ATULPROD.NS,ATUL.NS
AURDIS.NS,ALCODIS.NS
AVAYAGCL.NS,BBOX.NS
AVENTIS.NS,SANOFI.NS
AVONMPL.NS,AVROIND.NS
AXIS-IT&T.NS,AXISCADES.NS
BAJAJAUTO.NS,BAJAJHLDNG.NS
BAJAJCORP.NS,BAJAJCON.NS
BAJAJTEMPO.NS,FORCEMOT.NS
BAJAUTOFIN.NS,BAJFINANCE.NS
BALASPONGE.NS,JAIBALAJI.NS
BANCOPROD.NS,BANCOINDIA.NS
BARATBIJLE.NS,BBL.NS
BARBEQUE.NS,UFBL.NS
BFLSOFTWAR.NS,MPHASIS.NS
BHAGWATIHO.NS,TGBHOTELS.NS
BHANSALENG.NS,BEPL.NS
BHARTI.NS,BHARTIARTL.NS
BINANIIND.NS,BILVYAPAR.NS
BINDALAGRO.NS,OSWALGREEN.NS
BIRLA3M.NS,3MINDIA.NS
BIRLAERIC.NS,BIRLACABLE.NS
BIRLAJUTE.NS,BIRLACORPN.NS
BOC.NS,LINDEINDIA.NS
BOROSIL.NS,BORORENEW.NS
BSES.NS,RELINFRA.NS
CADILAHC.NS,ZYDUSLIFE.NS
CAMBRIDGE.NS,XCHANGING.NS
CAMLIN.NS,KOKUYOCMLN.NS
CARBEVFLOW.NS,GRAPHITE.NS
CAREERP.NS,CPCAP.NS
CEBBCO.NS,JWL.NS
CENTURYTEX.NS,ABREL.NS
CESCVENT.NS,RPSGVENT.NS
CGIGARSH.NS,IGARASHI.NS
CHEMBONDIN.NS,CHEMBONDCH.NS
CHLORIDIND.NS,EXIDEIND.NS
CHOLADBS.NS,CHOLAFIN.NS
CHOLAINV.NS,CHOLAFIN.NS
CINEPRO.NS,CINELINE.NS
CLNINDIA.NS,SUDARCOLOR.NS
COATESIND.NS,DICIND.NS
COLORCHEM.NS,SUDARCOLOR.NS
COLORCHIPS.NS,ADROITINFO.NS
COREBIO.NS,AUSOMENT.NS
COREEMBLG.NS,AUSOMENT.NS
COROMNFERT.NS,COROMANDEL.NS
COSMOFILMS.NS,COSMOFIRST.NS
CPIL.NS,CPCAP.NS
CREATIVE.NS,CNL.NS
CROMPGREAV.NS,CGPOWER.NS
D-LINK.NS,SMARTLINK.NS
DAAWAT.NS,LTFOODS.NS
DALMIACEM.NS,DALMIASUG.NS
DATATECH.NS,DATAMATICS.NS
DCB.NS,DCBBANK.NS
DCMSRMCONS.NS,DCMSHRIRAM.NS
DECCANCEM.NS,DECCANCE.NS
DHANVARSHA.NS,TRU.NS
DHARAMSI.NS,DMCC.NS
DOLAT.NS,DOLATALGO.NS
DPL.NS,DVL.NS
DPTL.NS,DVL.NS
DRL.NS,DIRL.NS
DTIL.NS,DVL.NS
DYNATECH.NS,DUCON.NS
EBIXFOREX.NS,DELPHIFX.NS
ELECONENGG.NS,ELECON.NS
EMAIN.NS,EMAPARTNER.NS
EMAMIINFRA.NS,EMAMIREAL.NS
EMERCK.NS,PGHL.NS
ENKEI.NS,ALICON.NS
ESSELPACK.NS,EPL.NS
ETERNEVRST.NS,EVERESTIND.NS
EXCEL.NS,LANDSMILL.NS
EXCELINFO.NS,LANDSMILL.NS
FAGBEARING.NS,SCHAEFFLER.NS
FAGPRECISN.NS,SCHAEFFLER.NS
FAIRCHEM.NS,PRIVISCL.NS
FINANTECH.NS,63MOONS.NS
FLEX.NS,UFLEX.NS
FORGE.NS,TIRUPATIFL.NS
FORTUNEFIN.NS,THEINVEST.NS
FRL.NS,FEL.NS
FRLDVR.NS,FELDVR.NS
FUJITSICIM.NS,ZENSARTECH.NS
GAL.NS,SHAH.NS
GANESHHOUC.NS,GANESHHOU.NS
GANHSGFIN.NS,GANESHHOU.NS
GARWALLROP.NS,GARFIBRES.NS
GECALSTHOM.NS,GVT&D.NS
GENUSOVERE.NS,GENUSPOWER.NS
GEOJIT.NS,GEOJITFSL.NS
GEOJITBNPP.NS,GEOJITFSL.NS
GEPIL.NS,GVPIL.NS
GESCOCORP.NS,MAHLIFE.NS
GET&D.NS,GVT&D.NS
GISOLUTION.NS,TPHQ.NS
GLOBALTELE.NS,GTL.NS
GLS.NS,ALIVUS.NS
GMRINFRA.NS,GMRAIRPORT.NS
GOETZEIND.NS,FMGOETZE.NS
GOLDINFRA.NS,OLECTRA.NS
GOLDTELE.NS,OLECTRA.NS
GOODLASNER.NS,KANSAINER.NS
GPELECT.NS,DELTAMAGNT.NS
GRAMOPHONE.NS,SAREGAMA.NS
GREAVES.NS,GREAVESCOT.NS
GSSAMERICA.NS,GSS.NS
GTCIND.NS,GOLDENTOBC.NS
GUJAMBCEM.NS,AMBUJACEM.NS
GUJAPOLEQP.NS,GUJAPOLLO.NS
GUJAPOLIND.NS,GUJAPOLLO.NS
GUJFLUORO.NS,GFLLIMITED.NS
GUJGASLTD.NS,GUJENERGY.NS
GULFCORP.NS,GOCLCORP.NS
GWALCHEM.NS,GEECEE.NS
HBLPOWER.NS,HBLENGINE.NS
HCIL.NS,HSCL.NS
HCL-HP.NS,HCL-INSYS.NS
HEG.NS,HEGAM.NS
HEROHONDA.NS,HEROMOTOCO.NS
HEUBACHIND.NS,SUDARCOLOR.NS
HGSL.NS,HGS.NS
HIL.NS,BIRLANU.NS
HIMADCHEM.NS,HSCL.NS
HINDALC0.NS,HINDALCO.NS
HINDCONS.NS,HCC.NS
HINDLEVER.NS,HINDUNILVR.NS
HINDSANIT.NS,AGI.NS
HINDUJATMT.NS,NDLVENTURE.NS
HINDUJAVEN.NS,NDLVENTURE.NS
HITACHIHOM.NS,BOSCH-HCIL.NS
HITECHPLAS.NS,HITECHCORP.NS
HOECHST.NS,SANOFI.NS
HOPFL.NS,PGIL.NS
HOTELEELA.NS,HLVLTD.NS
HOVS.NS,HGM.NS
HSIL.NS,AGI.NS
HTMTGLOBAL.NS,HGS.NS
HUGHESTELE.NS,TTML.NS
HYDRBADIND.NS,BIRLANU.NS
I-FLEX.NS,OFSS.NS
IBIPL.NS,RTNINDIA.NS
IBPOW.NS,RTNPOWER.NS
IBREALEST.NS,EMBDL.NS
IBULHSGFIN.NS,SAMMAANCAP.NS
IBULISL.NS,IBULLSLTD.NS
IBWSL.NS,IBULLSLTD.NS
ICI.NS,JSWDULUX.NS
IDFCBANK.NS,IDFCFIRSTB.NS
IGPETRO.NS,IGPL.NS
IIFLSEC.NS,IIFLCAPS.NS
IIFLWAM.NS,360ONE.NS
IILTD.NS,INSECTICID.NS
ILFSTRANS.NS,IL&FSTRANS.NS
INDBANKMER.NS,INDBANK.NS
INDIAINFO.NS,IIFL.NS
INDOCOUNT.NS,ICIL.NS
INDOSOLAR.NS,WAAREEINDO.NS
INDSHAVING.NS,GILLETTE.NS
INEABS.NS,STYRENIX.NS
INEOSSTYRO.NS,STYRENIX.NS
INFIBEAM.NS,CCAVENUE.NS
INFOSYSTCH.NS,INFY.NS
INFOTECENT.NS,CYIENT.NS
INFRATEL.NS,INDUSTOWER.NS
INVESTCORP.NS,TATAINVEST.NS
IOL.NS,LINDEINDIA.NS
IPAPPM.NS,ANDHRAPAP.NS
IT&T.NS,AXISCADES.NS
ITCAGRO.NS,SUNDROP.NS
ITDCEM.NS,CEMPRO.NS
JACPL.NS,JUBLCPL.NS
JBMAUTOCOM.NS,JBMA.NS
JBMT.NS,ASAL.NS
JCHAC.NS,BOSCH-HCIL.NS
JINDALSWHL.NS,JSWHL.NS
JPHYDRO.NS,JPPOWER.NS
JSTAINLESS.NS,JSL.NS
JSTRIPS.NS,NSIL.NS
JSWSTL.NS,JSWSTEEL.NS
JTLINFRA.NS,JTLIND.NS
JUBILANT.NS,JUBLPHARMA.NS
KALECONSUL.NS,ACCELYA.NS
KALPATPOWR.NS,KPIL.NS
KARDA.NS,DHARAN.NS
KAVVERITEL.NS,KAVDEFENCE.NS
KBCGLOBAL.NS,DHARAN.NS
KEERTI.NS,GTECJAINX.NS
KEL.NS,VISDEM.NS
KEYCORPSER.NS,KEYFINSERV.NS
KIL.NS,KAMDHENU.NS
KIRELECTRI.NS,KECL.NS
KIRIDYES.NS,KIRIINDUS.NS
KIRLOSKCUM.NS,CUMMINSIND.NS
KOTAKMAH.NS,KOTAKBANK.NS
KPIGLOBAL.NS,KPIGREEN.NS
KPIT.NS,BSOFT.NS
KSBPUMPS.NS,KSB.NS
L&TFH.NS,LTF.NS
LAKME.NS,TRENT.NS
LANABS.NS,STYRENIX.NS
LAWSIKHO.NS,ADDICTIVE.NS
LAXMIMACH.NS,LMW.NS
LEADEDSYS.NS,TRIGYN.NS
LEAP.NS,LEAPIND.NS
LINCPEN.NS,LINC.NS
LIST000857.NS,BHARTIHEXA.NS
LOGIXMICRO.NS,IZMO.NS
LSIL.NS,LLOYDSENGG.NS
LTI.NS,LTM.NS
LTIM.NS,LTM.NS
LYCOS.NS,BCG.NS
LYPSAGEMS.NS,AURUS.NS
MACMILLAN.NS,MPSLTD.NS
MADRASCEM.NS,RAMCOCEM.NS
MADRASREFN.NS,CHENNPETRO.NS
MAGMA.NS,POONAWALLA.NS
MAHAVIRSPG.NS,VTL.NS
MAHINDCIE.NS,CIEINDIA.NS
MAHINDFORG.NS,CIEINDIA.NS
MAJESCO.NS,AURUM.NS
MANALU.NS,MAANALU.NS
MANALUMN.NS,MANINDS.NS
MANBRO.NS,KDGREEN.NS
MARICOIND.NS,MARICO.NS
MAX.NS,MFSL.NS
MAXWELL.NS,VIPCLOTHNG.NS
MAYTASINFR.NS,IL&FSENGG.NS
MCDOWELL-N.NS,UNITDSPR.NS
MEGASOFT.NS,SIGMAADV.NS
MERCK.NS,PGHL.NS
MFL.NS,EPIGRAL.NS
MICO.NS,BOSCHLTD.NS
MICROSEC.NS,HEALTHX.NS
MID-DAY.NS,NEXTMEDIA.NS
MINDAIND.NS,UNOMINDA.NS
MIRCELECTR.NS,ONIDA.NS
MIRZATAN.NS,MIRZAINT.NS
MITTALLAMI.NS,GREENPLY.NS
MMFORGINGS.NS,MMFL.NS
MMFSL.NS,CGCL.NS
MODISNME.NS,MODISONLTD.NS
MORAREALTY.NS,PENINLAND.NS
MORARJESPG.NS,PENINLAND.NS
MOREPENHTL.NS,BLUECOAST.NS
MOTHERSUMI.NS,MOTHERSON.NS
MPGLYCEM.NS,ANIKINDS.NS
MPHASISBFL.NS,MPHASIS.NS
MRO-TEK.NS,UMIYA-MRO.NS
MSKPROJ.NS,WELENT.NS
MUNDRAPORT.NS,ADANIPORTS.NS
MYSORECEM.NS,HEIDELBERG.NS
NAGAAGRI.NS,NACLIND.NS
NAGARCONST.NS,NCC.NS
NAGPURENG.NS,JAYNECOIND.NS
NAHAREXPOT.NS,NAHARPOLY.NS
NAHARINVST.NS,NAHARPOLY.NS
NANDANEXIM.NS,NDL.NS
NANDANI.NS,JAIPURKURT.NS
NAVBARFERO.NS,NAVA.NS
NAVNETPUBL.NS,NAVNETEDUL.NS
NBVENTURES.NS,NAVA.NS
NEOCURE.NS,COUNCODOS.NS
NEYVELILIG.NS,NLCINDIA.NS
NIITTECH.NS,COFORGE.NS
NILKAMPLST.NS,NILKAMAL.NS
NIRVIKARA.NS,BALKRISHNA.NS
NTL.NS,NEUEON.NS
NUMERICPW.NS,SWELECTES.NS
NXTDIGITAL.NS,NDLVENTURE.NS
OBERHOTEL.NS,EIHAHOTELS.NS
OBEROIREAL.NS,OBEROIRLTY.NS
OMMETALS.NS,OMINFRAL.NS
ORIENTABRA.NS,ORIENTCER.NS
ORIENTCERA.NS,ORIENTBELL.NS
ORIENTREF.NS,RHIM.NS
ORTINLAB.NS,ORTINGLOBE.NS
OTL.NS,ORIENTALTL.NS
P&G.NS,PGHH.NS
PANTALOONR.NS,FEL.NS
PAPERPROD.NS,HUHTAMAKI.NS
PDUMJEAGRO.NS,3PLAND.NS
PDUMJEIND.NS,3PLAND.NS
PDUMJEPULP.NS,AMJLAND.NS
PEERLESHIP.NS,SEAMECLTD.NS
PERLENGINF.NS,SAMBHAAV.NS
PFRL.NS,ABFRL.NS
PILIND.NS,PILITA.NS
PITTILAM.NS,PITTIENG.NS
PRAKASHCON.NS,SETUINFRA.NS
PRECOTMILL.NS,PRECOT.NS
PREMAUTO.NS,PREMIER.NS
PRETAILDVR.NS,FELDVR.NS
PRISMCEM.NS,PRSMJOHNSN.NS
PRIYADCEM.NS,RAIN.NS
PROINDIA.NS,EQUIPPP.NS
PROZONE.NS,PROZONER.NS
PROZONECSC.NS,PROZONER.NS
PROZONINTU.NS,PROZONER.NS
PVR.NS,PVRINOX.NS
RAINCOM.NS,RAIN.NS
RAJASSPG.NS,RSWM.NS
RAMADHOTEL.NS,ADVANIHOTR.NS
RANEMADRAS.NS,RANEHOLDIN.NS
RCVL.NS,RCOM.NS
REL.NS,RELINFRA.NS
RENOL.NS,RNPL.NS
REVATHI.NS,SEMAC.NS
REVATHIEQU.NS,RVTH.NS
RJL.NS,RGL.NS
RNAM.NS,NAM-INDIA.NS
ROMAN.NS,TARMAT.NS
RRL.NS,RAYMONDREL.NS
RTNINFRA.NS,RTNINDIA.NS
SABTNL.NS,AQYLON.NS
SAGARCEM.NS,SAGCEM.NS
SAH.NS,AERONEU.NS
SAHPETRO.NS,GULFPETRO.NS
SAKETH.NS,TEMBO.NS
SANGINITA.NS,AGASTYAEN.NS
SASTASUNDR.NS,HEALTHX.NS
SATINDLTD.NS,AEROENTER.NS
SATNAMOVER.NS,KOHINOOR.NS
SAVITACHEM.NS,SOTL.NS
SAWPIPES.NS,JINDALSAW.NS
SCANDENT.NS,XCHANGING.NS
SCAPDVR.NS,GATECHDVR.NS
SEINV.NS,PAISALO.NS
SELAN.NS,ANTELOPUS.NS
SENTINEL.NS,STEL.NS
SEPOWER.NS,SAMPANN.NS
SEQUENT.NS,VIYASH.NS
SESAGOA.NS,VEDL.NS
SGLTL.NS,SETL.NS
SHAKTIGAS.NS,HAVISHA.NS
SHALMPAINT.NS,SHALPAINTS.NS
SHARRESLTD.NS,CREST.NS
SHARYANRES.NS,CREST.NS
SHIL.NS,HINDWAREAP.NS
SHREE.NS,AJMERA.NS
SHREYAS.NS,TRANSWORLD.NS
SHREYASHIP.NS,TRANSWORLD.NS
SHRMHONDA.NS,HONDAPOWER.NS
SILLYMONKS.NS,CRESTO.NS
SIMPLEXCON.NS,SIMPLEXINF.NS
SITICABLE.NS,SITINET.NS
SIYARSILK.NS,SIYSIL.NS
SKFBEARING.NS,SKFINDIA.NS
SMLISUZU.NS,SMLMAH.NS
SMOBILITY.NS,DIGISPICE.NS
SMSLIFE.NS,HALEOSLABS.NS
SOFFIASOFT.NS,QUINTEGRA.NS
SOFTSOLINT.NS,PVP.NS
SOLAREX.NS,SOLARINDS.NS
SONAHISONA.NS,GOLDKART.NS
SONAMCLOCK.NS,SONAMLTD.NS
SONASTEER.NS,JTEKTINDIA.NS
SORILHOLD.NS,IBULLSLTD.NS
SPHEREGSL.NS,ADROITINFO.NS
SPICEMOBI.NS,DIGISPICE.NS
SPICEMOBIL.NS,DIGISPICE.NS
SPLLTD.NS,SOMANYCERA.NS
SPYL.NS,SHEKHAWATI.NS
SQSBFSI.NS,EXPLEOSOL.NS
SRICHAKTYR.NS,TVSSRICHAK.NS
SRTRANSFIN.NS,SHRIRAMFIN.NS
SSLT.NS,VEDL.NS
STAMPEDE.NS,GATECH.NS
STROPTICAL.NS,STLTECH.NS
STRTECH.NS,STLTECH.NS
STYABS.NS,STYRENIX.NS
SUBHASPROJ.NS,SPMLINFRA.NS
SUJANATWR.NS,NEUEON.NS
SUNCLAYLTD.NS,TVSHLTD.NS
SUNDARMHLD.NS,TSFINV.NS
SUNFLAGIRN.NS,SUNFLAG.NS
SURANATELE.NS,SURANAT&P.NS
SURANAVEL.NS,SURANASOL.NS
SUREVIN.NS,WEWIN.NS
SUTLEJINDS.NS,SILINV.NS
SUVENPHAR.NS,COHANCE.NS
SWANENERGY.NS,SWANCORP.NS
SWARAJMAZD.NS,SMLMAH.NS
TASCPHARMA.NS,MARKSANS.NS
TATAGLOBAL.NS,TATACONSUM.NS
TATAHONEY.NS,HONAUT.NS
TATAMOTORS.NS,TMPV.NS
TATATEA.NS,TATACONSUM.NS
TATATELECM.NS,BBOX.NS
TATATELSER.NS,TTML.NS
TATATIMKEN.NS,TIMKEN.NS
TCLCONS.NS,TICL.NS
TELCO.NS,TMPV.NS
TEXMACOLTD.NS,TEXINFRA.NS
THINKSOFT.NS,EXPLEOSOL.NS
TIDEWATER.NS,VEEDOL.NS
TIFIN.NS,CHOLAHLDNG.NS
TIMESGTY.NS,TEAMGTY.NS
TIPSINDLTD.NS,TIPSMUSIC.NS
TISCO.NS,TATASTEEL.NS
TITANOCOMP.NS,DENORA.NS
TMRVL.NS,HEADSUP.NS
TRAFALHSE.NS,CEMPRO.NS
TRIL.NS,TARIL.NS
TVS-SUZUKI.NS,TVSMOTOR.NS
TWL.NS,TITAGARH.NS
UCALFUEL.NS,UCAL.NS
UNIPHOS.NS,UPL.NS
URAVI.NS,URAVIDEF.NS
USHABEL.NS,USHAMART.NS
UTIBANK.NS,AXISBANK.NS
VAIBHAVGEM.NS,VAIBHAVGBL.NS
VAKRANSOFT.NS,VAKRANGEE.NS
VAMORGANIC.NS,JUBLPHARMA.NS
VATECH.NS,WABAG.NS
VIDHIDYE.NS,VIDHIING.NS
VIKASGLOB.NS,VIKASECO.NS
VIKASMCORP.NS,VIKASLIFE.NS
VISASTEEL.NS,VISACHROME.NS
VISHALRET.NS,V2RETAIL.NS
VPL.NS,VEDPOWER.NS
VSGML.NS,VHL.NS
VSNL.NS,TATACOMM.NS
WEIZFOREX.NS,DELPHIFX.NS
WELGUJ.NS,WELCORP.NS
WELPROJ.NS,WELENT.NS
WELSPUNIND.NS,WELSPUNLIV.NS
WELSYNTEX.NS,AYMSYNTEX.NS
WENDTINDIA.NS,WENDT.NS
WESTHATCH.NS,VENKEYS.NS
WFL.NS,WEL.NS
WIDIA.NS,KENNAMET.NS
WORTH.NS,WORTHPERI.NS
WSIND.NS,WSI.NS
WWIL.NS,SITINET.NS
YAARI.NS,IBULLSLTD.NS
YAARII.NS,IBULLSLTD.NS
ZEENEWS.NS,ZEEMEDIA.NS
ZEETELE.NS,ZEEL.NS
ZENITHBIR.NS,ZENITHSTL.NS
ZOMATO.NS,ETERNAL.NS
ZUARIAGRO.NS,ZUARIIND.NS
ZUARIGLOB.NS,ZUARIIND.NS
